"","Position","Frequency","Type"
"1",-43.5,19.0251579,"Inr-DPE"
"2",-42.5,19.6540871,"Inr-DPE"
"3",-41.5,19.9685535,"Inr-DPE"
"4",-40.5,16.8239002,"Inr-DPE"
"5",-39.5,14.3081751,"Inr-DPE"
"6",-38.5,13.9937105,"Inr-DPE"
"7",-37.5,12.1069183,"Inr-DPE"
"8",-36.5,14.6226425,"Inr-DPE"
"9",-35.5,16.6666679,"Inr-DPE"
"10",-34.5,15.2515726,"Inr-DPE"
"11",-33.5,16.037735,"Inr-DPE"
"12",-32.5,15.4088049,"Inr-DPE"
"13",-31.5,18.2389927,"Inr-DPE"
"14",-30.5,16.3522015,"Inr-DPE"
"15",-29.5,19.0251579,"Inr-DPE"
"16",-28.5,21.6981125,"Inr-DPE"
"17",-27.5,20.7547169,"Inr-DPE"
"18",-26.5,20.4402523,"Inr-DPE"
"19",-25.5,17.7672958,"Inr-DPE"
"20",-24.5,18.2389927,"Inr-DPE"
"21",-23.5,16.5094337,"Inr-DPE"
"22",-22.5,13.9937105,"Inr-DPE"
"23",-21.5,14.1509428,"Inr-DPE"
"24",-20.5,14.4654093,"Inr-DPE"
"25",-19.5,15.8805027,"Inr-DPE"
"26",-18.5,16.5094337,"Inr-DPE"
"27",-17.5,18.2389927,"Inr-DPE"
"28",-16.5,18.8679256,"Inr-DPE"
"29",-15.5,17.1383648,"Inr-DPE"
"30",-14.5,17.6100636,"Inr-DPE"
"31",-13.5,18.5534592,"Inr-DPE"
"32",-12.5,18.5534592,"Inr-DPE"
"33",-11.5,16.5094337,"Inr-DPE"
"34",-10.5,14.9371071,"Inr-DPE"
"35",-9.5,16.9811325,"Inr-DPE"
"36",-8.5,19.4968548,"Inr-DPE"
"37",-7.5,17.9245281,"Inr-DPE"
"38",-6.5,16.3522015,"Inr-DPE"
"39",-5.5,12.5786171,"Inr-DPE"
"40",-4.5,6.28930855,"Inr-DPE"
"41",-3.5,4.55974817,"Inr-DPE"
"42",-2.5,3.61635232,"Inr-DPE"
"43",-1.5,10.8490562,"Inr-DPE"
"44",-0.5,17.7672958,"Inr-DPE"
"45",0.5,30.6603756,"Inr-DPE"
"46",1.5,30.8176098,"Inr-DPE"
"47",2.5,15.8805027,"Inr-DPE"
"48",3.5,8.33333397,"Inr-DPE"
"49",4.5,4.40251589,"Inr-DPE"
"50",5.5,5.34591198,"Inr-DPE"
"51",6.5,7.86163521,"Inr-DPE"
"52",7.5,14.4654093,"Inr-DPE"
"53",8.5,19.6540871,"Inr-DPE"
"54",9.5,19.3396225,"Inr-DPE"
"55",10.5,17.9245281,"Inr-DPE"
"56",11.5,14.6226425,"Inr-DPE"
"57",12.5,13.8364773,"Inr-DPE"
"58",13.5,13.5220127,"Inr-DPE"
"59",14.5,14.9371071,"Inr-DPE"
"60",15.5,14.7798748,"Inr-DPE"
"61",16.5,13.9937105,"Inr-DPE"
"62",17.5,13.9937105,"Inr-DPE"
"63",18.5,13.5220127,"Inr-DPE"
"64",19.5,15.4088049,"Inr-DPE"
"65",20.5,17.2955971,"Inr-DPE"
"66",21.5,16.1949673,"Inr-DPE"
"67",22.5,18.7106915,"Inr-DPE"
"68",23.5,19.8113213,"Inr-DPE"
"69",24.5,17.9245281,"Inr-DPE"
"70",25.5,14.9371071,"Inr-DPE"
"71",26.5,11.1635227,"Inr-DPE"
"72",27.5,13.679245,"Inr-DPE"
"73",28.5,13.2075472,"Inr-DPE"
"74",29.5,12.4213839,"Inr-DPE"
"75",30.5,15.4088049,"Inr-DPE"
"76",31.5,15.4088049,"Inr-DPE"
"77",32.5,16.9811325,"Inr-DPE"
"78",33.5,16.9811325,"Inr-DPE"
"79",34.5,17.2955971,"Inr-DPE"
"80",35.5,17.4528294,"Inr-DPE"
"81",36.5,14.6226425,"Inr-DPE"
"82",37.5,16.1949673,"Inr-DPE"
"83",38.5,17.4528294,"Inr-DPE"
"84",39.5,16.037735,"Inr-DPE"
"85",40.5,15.4088049,"Inr-DPE"
"86",41.5,15.8805027,"Inr-DPE"
"87",42.5,15.2515726,"Inr-DPE"
"88",43.5,15.5660372,"Inr-DPE"
"89",44.5,14.7798748,"Inr-DPE"
"90",45.5,16.037735,"Inr-DPE"
"91",46.5,17.2955971,"Inr-DPE"
"92",47.5,14.1509428,"Inr-DPE"
"93",48.5,13.9937105,"Inr-DPE"
"94",49.5,15.4088049,"Inr-DPE"
"95",50.5,16.8239002,"Inr-DPE"
"96",51.5,17.6100636,"Inr-DPE"
"97",52.5,19.0251579,"Inr-DPE"
"98",53.5,19.9685535,"Inr-DPE"
"99",54.5,18.2389927,"Inr-DPE"
"100",55.5,18.7106915,"Inr-DPE"
"101",56.5,17.9245281,"Inr-DPE"
"102",57.5,17.4528294,"Inr-DPE"
"103",58.5,15.5660372,"Inr-DPE"
"104",59.5,16.1949673,"Inr-DPE"
"105",60.5,16.3522015,"Inr-DPE"
"106",61.5,16.1949673,"Inr-DPE"
"107",62.5,18.3962269,"Inr-DPE"
"108",63.5,19.6540871,"Inr-DPE"
"109",64.5,19.8113213,"Inr-DPE"
"110",65.5,19.3396225,"Inr-DPE"
"111",66.5,19.3396225,"Inr-DPE"
"112",67.5,17.4528294,"Inr-DPE"
"113",68.5,17.7672958,"Inr-DPE"
"114",69.5,17.1383648,"Inr-DPE"
"115",70.5,16.9811325,"Inr-DPE"
"116",71.5,16.6666679,"Inr-DPE"
"117",72.5,17.4528294,"Inr-DPE"
"118",73.5,15.7232704,"Inr-DPE"
"119",74.5,15.8805027,"Inr-DPE"
"120",75.5,18.0817604,"Inr-DPE"
"121",76.5,17.6100636,"Inr-DPE"
"122",77.5,16.9811325,"Inr-DPE"
"123",78.5,16.8239002,"Inr-DPE"
"124",79.5,16.037735,"Inr-DPE"
"125",80.5,15.7232704,"Inr-DPE"
"126",81.5,15.5660372,"Inr-DPE"
"127",82.5,13.8364773,"Inr-DPE"
"128",83.5,14.3081751,"Inr-DPE"
"129",84.5,15.7232704,"Inr-DPE"
"130",85.5,16.3522015,"Inr-DPE"
"131",86.5,14.3081751,"Inr-DPE"
"132",87.5,15.2515726,"Inr-DPE"
"133",88.5,16.037735,"Inr-DPE"
"134",89.5,15.8805027,"Inr-DPE"
"135",90.5,16.8239002,"Inr-DPE"
"136",91.5,14.9371071,"Inr-DPE"
"137",92.5,15.8805027,"Inr-DPE"
"138",93.5,15.2515726,"Inr-DPE"
"139",94.5,18.2389927,"Inr-DPE"
"140",95.5,18.5534592,"Inr-DPE"
"141",96.5,17.9245281,"Inr-DPE"
"142",97.5,15.4088049,"Inr-DPE"
"143",98.5,16.037735,"Inr-DPE"
"144",99.5,18.0817604,"Inr-DPE"
"145",100.5,16.9811325,"Inr-DPE"
"146",101.5,14.7798748,"Inr-DPE"
"147",102.5,16.5094337,"Inr-DPE"
"148",103.5,16.1949673,"Inr-DPE"
"149",104.5,17.9245281,"Inr-DPE"
"150",105.5,15.5660372,"Inr-DPE"
"151",106.5,16.9811325,"Inr-DPE"
"152",107.5,16.5094337,"Inr-DPE"
"153",108.5,17.6100636,"Inr-DPE"
"154",109.5,18.0817604,"Inr-DPE"
"155",110.5,18.7106915,"Inr-DPE"
"156",111.5,16.1949673,"Inr-DPE"
"157",112.5,15.4088049,"Inr-DPE"
"158",113.5,14.7798748,"Inr-DPE"
"159",114.5,16.8239002,"Inr-DPE"
"160",115.5,16.3522015,"Inr-DPE"
"161",116.5,16.1949673,"Inr-DPE"
"162",117.5,16.6666679,"Inr-DPE"
"163",118.5,15.8805027,"Inr-DPE"
"164",119.5,15.0943394,"Inr-DPE"
"165",120.5,15.0943394,"Inr-DPE"
"166",121.5,16.6666679,"Inr-DPE"
"167",122.5,18.3962269,"Inr-DPE"
"168",123.5,18.7106915,"Inr-DPE"
"169",124.5,18.0817604,"Inr-DPE"
"170",125.5,16.037735,"Inr-DPE"
"171",126.5,15.2515726,"Inr-DPE"
"172",127.5,17.9245281,"Inr-DPE"
"173",128.5,19.0251579,"Inr-DPE"
"174",129.5,18.7106915,"Inr-DPE"
"175",130.5,16.3522015,"Inr-DPE"
"176",131.5,15.2515726,"Inr-DPE"
"177",132.5,14.9371071,"Inr-DPE"
"178",133.5,15.8805027,"Inr-DPE"
"179",134.5,17.2955971,"Inr-DPE"
"180",135.5,16.5094337,"Inr-DPE"
"181",136.5,16.6666679,"Inr-DPE"
"182",137.5,16.1949673,"Inr-DPE"
"183",138.5,15.2515726,"Inr-DPE"
"184",139.5,14.6226425,"Inr-DPE"
"185",140.5,16.6666679,"Inr-DPE"
"186",141.5,17.1383648,"Inr-DPE"
"187",142.5,18.3962269,"Inr-DPE"
"188",143.5,17.9245281,"Inr-DPE"
"189",144.5,16.5094337,"Inr-DPE"
"190",145.5,16.037735,"Inr-DPE"
"191",146.5,16.037735,"Inr-DPE"
"192",147.5,16.3522015,"Inr-DPE"
"193",148.5,18.3962269,"Inr-DPE"
"194",149.5,17.9245281,"Inr-DPE"
"195",150.5,15.0943394,"Inr-DPE"
"196",151.5,14.1509428,"Inr-DPE"
"197",152.5,15.4088049,"Inr-DPE"
"198",153.5,16.037735,"Inr-DPE"
"199",154.5,15.8805027,"Inr-DPE"
"200",155.5,16.5094337,"Inr-DPE"
"201",156.5,17.4528294,"Inr-DPE"
"202",157.5,16.9811325,"Inr-DPE"
"203",158.5,16.8239002,"Inr-DPE"
"204",159.5,14.4654093,"Inr-DPE"
"205",160.5,16.3522015,"Inr-DPE"
"206",161.5,14.6226425,"Inr-DPE"
"207",162.5,15.2515726,"Inr-DPE"
"208",163.5,16.8239002,"Inr-DPE"
"209",164.5,18.7106915,"Inr-DPE"
"210",165.5,15.4088049,"Inr-DPE"
"211",166.5,13.3647804,"Inr-DPE"
"212",167.5,12.4213839,"Inr-DPE"
"213",168.5,13.9937105,"Inr-DPE"
"214",169.5,17.2955971,"Inr-DPE"
"215",170.5,18.0817604,"Inr-DPE"
"216",171.5,19.8113213,"Inr-DPE"
"217",172.5,18.8679256,"Inr-DPE"
"218",173.5,19.0251579,"Inr-DPE"
"219",174.5,19.8113213,"Inr-DPE"
"220",175.5,16.9811325,"Inr-DPE"
"221",176.5,17.1383648,"Inr-DPE"
"222",177.5,16.037735,"Inr-DPE"
"223",178.5,16.6666679,"Inr-DPE"
"224",179.5,14.7798748,"Inr-DPE"
"225",180.5,14.9371071,"Inr-DPE"
"226",181.5,13.679245,"Inr-DPE"
"227",182.5,14.4654093,"Inr-DPE"
"228",183.5,15.0943394,"Inr-DPE"
"229",184.5,15.0943394,"Inr-DPE"
"230",185.5,16.037735,"Inr-DPE"
"231",186.5,16.3522015,"Inr-DPE"
"232",187.5,16.8239002,"Inr-DPE"
"233",188.5,17.6100636,"Inr-DPE"
"234",189.5,18.2389927,"Inr-DPE"
"235",190.5,18.3962269,"Inr-DPE"
"236",191.5,16.3522015,"Inr-DPE"
"237",192.5,15.7232704,"Inr-DPE"
"238",193.5,16.1949673,"Inr-DPE"
"239",194.5,14.1509428,"Inr-DPE"
"240",195.5,13.8364773,"Inr-DPE"
"241",196.5,14.7798748,"Inr-DPE"
"242",197.5,15.4088049,"Inr-DPE"
"243",198.5,15.2515726,"Inr-DPE"
"244",199.5,13.8364773,"Inr-DPE"
"245",200.5,15.5660372,"Inr-DPE"
"246",201.5,15.8805027,"Inr-DPE"
"247",202.5,15.2515726,"Inr-DPE"
"248",203.5,17.1383648,"Inr-DPE"
"249",204.5,19.6540871,"Inr-DPE"
"250",205.5,16.9811325,"Inr-DPE"
"251",206.5,14.7798748,"Inr-DPE"
"252",207.5,14.6226425,"Inr-DPE"
"253",208.5,15.7232704,"Inr-DPE"
"254",209.5,15.2515726,"Inr-DPE"
"255",210.5,14.6226425,"Inr-DPE"
"256",211.5,15.2515726,"Inr-DPE"
"257",212.5,16.9811325,"Inr-DPE"
"258",213.5,17.2955971,"Inr-DPE"
"259",214.5,18.0817604,"Inr-DPE"
"260",215.5,15.5660372,"Inr-DPE"
"261",216.5,13.8364773,"Inr-DPE"
"262",217.5,14.9371071,"Inr-DPE"
"263",218.5,15.2515726,"Inr-DPE"
"264",219.5,15.5660372,"Inr-DPE"
"265",220.5,13.8364773,"Inr-DPE"
"266",221.5,16.5094337,"Inr-DPE"
"267",222.5,17.2955971,"Inr-DPE"
"268",223.5,16.6666679,"Inr-DPE"
"269",224.5,15.8805027,"Inr-DPE"
"270",225.5,18.7106915,"Inr-DPE"
"271",226.5,16.5094337,"Inr-DPE"
"272",227.5,16.6666679,"Inr-DPE"
"273",228.5,15.7232704,"Inr-DPE"
"274",229.5,15.7232704,"Inr-DPE"
"275",230.5,16.037735,"Inr-DPE"
"276",231.5,16.6666679,"Inr-DPE"
"277",232.5,15.8805027,"Inr-DPE"
"278",233.5,15.0943394,"Inr-DPE"
"279",234.5,15.7232704,"Inr-DPE"
"280",235.5,16.5094337,"Inr-DPE"
"281",236.5,15.8805027,"Inr-DPE"
"282",237.5,17.6100636,"Inr-DPE"
"283",238.5,16.037735,"Inr-DPE"
"284",239.5,15.7232704,"Inr-DPE"
"285",240.5,15.2515726,"Inr-DPE"
"286",241.5,16.037735,"Inr-DPE"
"287",242.5,17.4528294,"Inr-DPE"
"288",243.5,17.7672958,"Inr-DPE"
"289",244.5,13.5220127,"Inr-DPE"
"290",-43.5,15.7716494,"TATA-box"
"291",-42.5,16.1103058,"TATA-box"
"292",-41.5,15.6748905,"TATA-box"
"293",-40.5,16.642477,"TATA-box"
"294",-39.5,16.8843727,"TATA-box"
"295",-38.5,17.6584415,"TATA-box"
"296",-37.5,16.2070637,"TATA-box"
"297",-36.5,13.9332371,"TATA-box"
"298",-35.5,10.9820995,"TATA-box"
"299",-34.5,5.80551529,"TATA-box"
"300",-33.5,2.22544742,"TATA-box"
"301",-32.5,1.40299952,"TATA-box"
"302",-31.5,3.96710229,"TATA-box"
"303",-30.5,9.33720398,"TATA-box"
"304",-29.5,19.6903725,"TATA-box"
"305",-28.5,30.2370586,"TATA-box"
"306",-27.5,36.0909538,"TATA-box"
"307",-26.5,32.8495407,"TATA-box"
"308",-25.5,21.8190613,"TATA-box"
"309",-24.5,10.643445,"TATA-box"
"310",-23.5,2.99951625,"TATA-box"
"311",-22.5,0.774068713,"TATA-box"
"312",-21.5,1.59651673,"TATA-box"
"313",-20.5,4.98306704,"TATA-box"
"314",-19.5,9.43396282,"TATA-box"
"315",-18.5,13.981617,"TATA-box"
"316",-17.5,17.997097,"TATA-box"
"317",-16.5,19.5452347,"TATA-box"
"318",-15.5,19.0614414,"TATA-box"
"319",-14.5,17.5133057,"TATA-box"
"320",-13.5,16.6908569,"TATA-box"
"321",-12.5,15.8200293,"TATA-box"
"322",-11.5,14.658926,"TATA-box"
"323",-10.5,13.981617,"TATA-box"
"324",-9.5,15.4813738,"TATA-box"
"325",-8.5,16.7876148,"TATA-box"
"326",-7.5,16.7392349,"TATA-box"
"327",-6.5,18.3357525,"TATA-box"
"328",-5.5,16.2070637,"TATA-box"
"329",-4.5,12.8688917,"TATA-box"
"330",-3.5,11.1272373,"TATA-box"
"331",-2.5,10.4983072,"TATA-box"
"332",-1.5,12.2883406,"TATA-box"
"333",-0.5,15.1910973,"TATA-box"
"334",0.5,18.674408,"TATA-box"
"335",1.5,20.3676815,"TATA-box"
"336",2.5,17.4165459,"TATA-box"
"337",3.5,14.5621672,"TATA-box"
"338",4.5,12.5786171,"TATA-box"
"339",5.5,11.2239962,"TATA-box"
"340",6.5,10.691824,"TATA-box"
"341",7.5,11.4175129,"TATA-box"
"342",8.5,12.8205137,"TATA-box"
"343",9.5,13.7397203,"TATA-box"
"344",10.5,13.4494438,"TATA-box"
"345",11.5,14.2718906,"TATA-box"
"346",12.5,13.352685,"TATA-box"
"347",13.5,12.1915817,"TATA-box"
"348",14.5,12.8205137,"TATA-box"
"349",15.5,13.1107883,"TATA-box"
"350",16.5,13.6913404,"TATA-box"
"351",17.5,14.8040638,"TATA-box"
"352",18.5,14.4654093,"TATA-box"
"353",19.5,14.8524437,"TATA-box"
"354",20.5,13.0624084,"TATA-box"
"355",21.5,12.675375,"TATA-box"
"356",22.5,12.1432028,"TATA-box"
"357",23.5,12.8205137,"TATA-box"
"358",24.5,13.0140305,"TATA-box"
"359",25.5,13.352685,"TATA-box"
"360",26.5,13.0624084,"TATA-box"
"361",27.5,13.0624084,"TATA-box"
"362",28.5,13.1591682,"TATA-box"
"363",29.5,14.029995,"TATA-box"
"364",30.5,13.4010639,"TATA-box"
"365",31.5,13.6913404,"TATA-box"
"366",32.5,14.2235126,"TATA-box"
"367",33.5,12.3850994,"TATA-box"
"368",34.5,13.1591682,"TATA-box"
"369",35.5,14.1751337,"TATA-box"
"370",36.5,14.707305,"TATA-box"
"371",37.5,13.7880983,"TATA-box"
"372",38.5,14.029995,"TATA-box"
"373",39.5,13.5462017,"TATA-box"
"374",40.5,13.6913404,"TATA-box"
"375",41.5,13.2559271,"TATA-box"
"376",42.5,14.5137873,"TATA-box"
"377",43.5,14.7556839,"TATA-box"
"378",44.5,14.707305,"TATA-box"
"379",45.5,14.1751337,"TATA-box"
"380",46.5,13.8364773,"TATA-box"
"381",47.5,13.1591682,"TATA-box"
"382",48.5,13.6429605,"TATA-box"
"383",49.5,14.4654093,"TATA-box"
"384",50.5,14.9008226,"TATA-box"
"385",51.5,14.4654093,"TATA-box"
"386",52.5,14.3686504,"TATA-box"
"387",53.5,14.1751337,"TATA-box"
"388",54.5,14.1751337,"TATA-box"
"389",55.5,14.029995,"TATA-box"
"390",56.5,13.1591682,"TATA-box"
"391",57.5,13.2075472,"TATA-box"
"392",58.5,13.4010639,"TATA-box"
"393",59.5,14.1267538,"TATA-box"
"394",60.5,15.1427193,"TATA-box"
"395",61.5,14.3202705,"TATA-box"
"396",62.5,13.8848572,"TATA-box"
"397",63.5,13.2559271,"TATA-box"
"398",64.5,13.1591682,"TATA-box"
"399",65.5,14.2235126,"TATA-box"
"400",66.5,14.707305,"TATA-box"
"401",67.5,15.336236,"TATA-box"
"402",68.5,14.5137873,"TATA-box"
"403",69.5,13.7397203,"TATA-box"
"404",70.5,13.8364773,"TATA-box"
"405",71.5,13.4494438,"TATA-box"
"406",72.5,13.3043051,"TATA-box"
"407",73.5,14.0783739,"TATA-box"
"408",74.5,15.3846159,"TATA-box"
"409",75.5,16.0619259,"TATA-box"
"410",76.5,15.0459604,"TATA-box"
"411",77.5,14.8040638,"TATA-box"
"412",78.5,15.1427193,"TATA-box"
"413",79.5,14.9008226,"TATA-box"
"414",80.5,14.5621672,"TATA-box"
"415",81.5,15.5297537,"TATA-box"
"416",82.5,13.9332371,"TATA-box"
"417",83.5,14.1267538,"TATA-box"
"418",84.5,14.4170303,"TATA-box"
"419",85.5,14.3686504,"TATA-box"
"420",86.5,15.4329939,"TATA-box"
"421",87.5,15.336236,"TATA-box"
"422",88.5,15.6748905,"TATA-box"
"423",89.5,15.4813738,"TATA-box"
"424",90.5,15.9167871,"TATA-box"
"425",91.5,15.5297537,"TATA-box"
"426",92.5,14.5137873,"TATA-box"
"427",93.5,14.3202705,"TATA-box"
"428",94.5,15.336236,"TATA-box"
"429",95.5,15.0459604,"TATA-box"
"430",96.5,13.8364773,"TATA-box"
"431",97.5,13.4494438,"TATA-box"
"432",98.5,14.0783739,"TATA-box"
"433",99.5,14.1751337,"TATA-box"
"434",100.5,14.658926,"TATA-box"
"435",101.5,14.9008226,"TATA-box"
"436",102.5,14.1751337,"TATA-box"
"437",103.5,14.4654093,"TATA-box"
"438",104.5,14.0783739,"TATA-box"
"439",105.5,14.3202705,"TATA-box"
"440",106.5,14.3686504,"TATA-box"
"441",107.5,15.0943394,"TATA-box"
"442",108.5,15.6265125,"TATA-box"
"443",109.5,14.658926,"TATA-box"
"444",110.5,14.6105471,"TATA-box"
"445",111.5,14.658926,"TATA-box"
"446",112.5,13.0624084,"TATA-box"
"447",113.5,13.1591682,"TATA-box"
"448",114.5,12.4334784,"TATA-box"
"449",115.5,13.981617,"TATA-box"
"450",116.5,15.1910973,"TATA-box"
"451",117.5,15.5297537,"TATA-box"
"452",118.5,15.2394772,"TATA-box"
"453",119.5,15.8200293,"TATA-box"
"454",120.5,16.1103058,"TATA-box"
"455",121.5,14.2235126,"TATA-box"
"456",122.5,13.9332371,"TATA-box"
"457",123.5,13.7397203,"TATA-box"
"458",124.5,15.0943394,"TATA-box"
"459",125.5,13.8848572,"TATA-box"
"460",126.5,12.675375,"TATA-box"
"461",127.5,13.2075472,"TATA-box"
"462",128.5,13.2075472,"TATA-box"
"463",129.5,14.1267538,"TATA-box"
"464",130.5,13.9332371,"TATA-box"
"465",131.5,14.4170303,"TATA-box"
"466",132.5,15.5781326,"TATA-box"
"467",133.5,15.6748905,"TATA-box"
"468",134.5,15.0943394,"TATA-box"
"469",135.5,14.9492006,"TATA-box"
"470",136.5,14.2718906,"TATA-box"
"471",137.5,14.9492006,"TATA-box"
"472",138.5,14.2235126,"TATA-box"
"473",139.5,13.5945816,"TATA-box"
"474",140.5,12.4818583,"TATA-box"
"475",141.5,14.4170303,"TATA-box"
"476",142.5,14.707305,"TATA-box"
"477",143.5,15.0943394,"TATA-box"
"478",144.5,15.5297537,"TATA-box"
"479",145.5,15.2394772,"TATA-box"
"480",146.5,14.2235126,"TATA-box"
"481",147.5,13.352685,"TATA-box"
"482",148.5,14.0783739,"TATA-box"
"483",149.5,14.8040638,"TATA-box"
"484",150.5,15.4329939,"TATA-box"
"485",151.5,15.6265125,"TATA-box"
"486",152.5,14.8040638,"TATA-box"
"487",153.5,15.1910973,"TATA-box"
"488",154.5,15.0459604,"TATA-box"
"489",155.5,15.0459604,"TATA-box"
"490",156.5,15.5297537,"TATA-box"
"491",157.5,15.3846159,"TATA-box"
"492",158.5,13.6913404,"TATA-box"
"493",159.5,13.2075472,"TATA-box"
"494",160.5,14.1751337,"TATA-box"
"495",161.5,14.7556839,"TATA-box"
"496",162.5,15.0459604,"TATA-box"
"497",163.5,15.336236,"TATA-box"
"498",164.5,14.707305,"TATA-box"
"499",165.5,14.2718906,"TATA-box"
"500",166.5,14.9975805,"TATA-box"
"501",167.5,14.707305,"TATA-box"
"502",168.5,15.1427193,"TATA-box"
"503",169.5,14.9492006,"TATA-box"
"504",170.5,13.7397203,"TATA-box"
"505",171.5,13.8848572,"TATA-box"
"506",172.5,13.6429605,"TATA-box"
"507",173.5,13.9332371,"TATA-box"
"508",174.5,14.1267538,"TATA-box"
"509",175.5,14.4170303,"TATA-box"
"510",176.5,14.3686504,"TATA-box"
"511",177.5,14.7556839,"TATA-box"
"512",178.5,15.1427193,"TATA-box"
"513",179.5,14.6105471,"TATA-box"
"514",180.5,14.658926,"TATA-box"
"515",181.5,14.9008226,"TATA-box"
"516",182.5,14.8524437,"TATA-box"
"517",183.5,14.3202705,"TATA-box"
"518",184.5,13.5945816,"TATA-box"
"519",185.5,13.7397203,"TATA-box"
"520",186.5,13.5462017,"TATA-box"
"521",187.5,13.7397203,"TATA-box"
"522",188.5,14.6105471,"TATA-box"
"523",189.5,14.9492006,"TATA-box"
"524",190.5,14.2718906,"TATA-box"
"525",191.5,14.2718906,"TATA-box"
"526",192.5,14.5137873,"TATA-box"
"527",193.5,14.9008226,"TATA-box"
"528",194.5,14.3202705,"TATA-box"
"529",195.5,15.5297537,"TATA-box"
"530",196.5,15.2878571,"TATA-box"
"531",197.5,15.4813738,"TATA-box"
"532",198.5,15.0459604,"TATA-box"
"533",199.5,15.1910973,"TATA-box"
"534",200.5,15.1427193,"TATA-box"
"535",201.5,15.4329939,"TATA-box"
"536",202.5,14.658926,"TATA-box"
"537",203.5,12.8688917,"TATA-box"
"538",204.5,12.8688917,"TATA-box"
"539",205.5,13.1107883,"TATA-box"
"540",206.5,13.9332371,"TATA-box"
"541",207.5,14.6105471,"TATA-box"
"542",208.5,15.2878571,"TATA-box"
"543",209.5,15.2394772,"TATA-box"
"544",210.5,16.4489594,"TATA-box"
"545",211.5,15.4813738,"TATA-box"
"546",212.5,15.0943394,"TATA-box"
"547",213.5,14.3202705,"TATA-box"
"548",214.5,14.5621672,"TATA-box"
"549",215.5,14.4654093,"TATA-box"
"550",216.5,13.7880983,"TATA-box"
"551",217.5,13.8364773,"TATA-box"
"552",218.5,13.5462017,"TATA-box"
"553",219.5,14.3202705,"TATA-box"
"554",220.5,14.029995,"TATA-box"
"555",221.5,13.2075472,"TATA-box"
"556",222.5,14.4170303,"TATA-box"
"557",223.5,14.9975805,"TATA-box"
"558",224.5,14.029995,"TATA-box"
"559",225.5,14.4654093,"TATA-box"
"560",226.5,14.2718906,"TATA-box"
"561",227.5,14.2718906,"TATA-box"
"562",228.5,14.4654093,"TATA-box"
"563",229.5,14.5137873,"TATA-box"
"564",230.5,15.3846159,"TATA-box"
"565",231.5,14.9008226,"TATA-box"
"566",232.5,14.8524437,"TATA-box"
"567",233.5,15.2394772,"TATA-box"
"568",234.5,14.6105471,"TATA-box"
"569",235.5,14.9975805,"TATA-box"
"570",236.5,15.336236,"TATA-box"
"571",237.5,14.9492006,"TATA-box"
"572",238.5,14.6105471,"TATA-box"
"573",239.5,14.7556839,"TATA-box"
"574",240.5,14.2718906,"TATA-box"
"575",241.5,14.9008226,"TATA-box"
"576",242.5,15.0459604,"TATA-box"
"577",243.5,15.4329939,"TATA-box"
"578",244.5,14.2235126,"TATA-box"
"579",-43.5,18.2595406,"Inr"
"580",-42.5,18.7725887,"Inr"
"581",-41.5,19.0366974,"Inr"
"582",-40.5,19.0922985,"Inr"
"583",-39.5,18.974144,"Inr"
"584",-38.5,18.7169857,"Inr"
"585",-37.5,19.2730045,"Inr"
"586",-36.5,19.5440655,"Inr"
"587",-35.5,19.8151226,"Inr"
"588",-34.5,19.2035027,"Inr"
"589",-33.5,18.0289135,"Inr"
"590",-32.5,16.2983036,"Inr"
"591",-31.5,14.790103,"Inr"
"592",-30.5,14.7623014,"Inr"
"593",-29.5,18.2165699,"Inr"
"594",-28.5,22.7828751,"Inr"
"595",-27.5,26.7723122,"Inr"
"596",-26.5,28.2596626,"Inr"
"597",-25.5,25.5768681,"Inr"
"598",-24.5,20.489296,"Inr"
"599",-23.5,15.5129271,"Inr"
"600",-22.5,13.094245,"Inr"
"601",-21.5,13.8031693,"Inr"
"602",-20.5,16.305254,"Inr"
"603",-19.5,18.0706139,"Inr"
"604",-18.5,19.3842087,"Inr"
"605",-17.5,20.2460384,"Inr"
"606",-16.5,21.0383644,"Inr"
"607",-15.5,20.489296,"Inr"
"608",-14.5,20.0444813,"Inr"
"609",-13.5,18.8003902,"Inr"
"610",-12.5,17.7717533,"Inr"
"611",-11.5,17.5215454,"Inr"
"612",-10.5,17.9455109,"Inr"
"613",-9.5,18.9115925,"Inr"
"614",-8.5,19.8151226,"Inr"
"615",-7.5,20.1209335,"Inr"
"616",-6.5,20.3850441,"Inr"
"617",-5.5,18.5432301,"Inr"
"618",-4.5,14.0116768,"Inr"
"619",-3.5,12.0795107,"Inr"
"620",-2.5,10.6130104,"Inr"
"621",-1.5,13.3583546,"Inr"
"622",-0.5,19.029747,"Inr"
"623",0.5,27.4812336,"Inr"
"624",1.5,29.9346695,"Inr"
"625",2.5,25.5699196,"Inr"
"626",3.5,19.7039204,"Inr"
"627",4.5,13.9769258,"Inr"
"628",5.5,11.0230751,"Inr"
"629",6.5,11.1481791,"Inr"
"630",7.5,13.8379202,"Inr"
"631",8.5,16.6944675,"Inr"
"632",9.5,18.2652206,"Inr"
"633",10.5,18.9324436,"Inr"
"634",11.5,18.9880466,"Inr"
"635",12.5,18.9254932,"Inr"
"636",13.5,17.9733105,"Inr"
"637",14.5,17.4659424,"Inr"
"638",15.5,17.3199883,"Inr"
"639",16.5,17.3269386,"Inr"
"640",17.5,17.6118984,"Inr"
"641",18.5,17.7648029,"Inr"
"642",19.5,18.0289135,"Inr"
"643",20.5,18.0636635,"Inr"
"644",21.5,17.8065071,"Inr"
"645",22.5,18.2374191,"Inr"
"646",23.5,18.4250755,"Inr"
"647",24.5,18.3694744,"Inr"
"648",25.5,17.6953011,"Inr"
"649",26.5,16.6666679,"Inr"
"650",27.5,16.576313,"Inr"
"651",28.5,16.8195724,"Inr"
"652",29.5,16.8334732,"Inr"
"653",30.5,16.6944675,"Inr"
"654",31.5,16.6597157,"Inr"
"655",32.5,16.757021,"Inr"
"656",33.5,17.3825417,"Inr"
"657",34.5,18.001112,"Inr"
"658",35.5,19.1270504,"Inr"
"659",36.5,19.4328613,"Inr"
"660",37.5,18.8976936,"Inr"
"661",38.5,18.5293293,"Inr"
"662",39.5,18.2582703,"Inr"
"663",40.5,18.0428123,"Inr"
"664",41.5,18.2860718,"Inr"
"665",42.5,17.7509041,"Inr"
"666",43.5,17.3964405,"Inr"
"667",44.5,16.8612728,"Inr"
"668",45.5,16.6041145,"Inr"
"669",46.5,16.4234085,"Inr"
"670",47.5,16.3678074,"Inr"
"671",48.5,16.7222672,"Inr"
"672",49.5,17.4381428,"Inr"
"673",50.5,17.9038086,"Inr"
"674",51.5,18.2999706,"Inr"
"675",52.5,18.8351402,"Inr"
"676",53.5,18.9046421,"Inr"
"677",54.5,18.4876289,"Inr"
"678",55.5,18.5988331,"Inr"
"679",56.5,18.3972759,"Inr"
"680",57.5,17.9802608,"Inr"
"681",58.5,17.6257992,"Inr"
"682",59.5,17.0697803,"Inr"
"683",60.5,16.8612728,"Inr"
"684",61.5,17.06283,"Inr"
"685",62.5,18.0428123,"Inr"
"686",63.5,18.883791,"Inr"
"687",64.5,19.5996666,"Inr"
"688",65.5,19.5788155,"Inr"
"689",66.5,19.0714474,"Inr"
"690",67.5,18.3347244,"Inr"
"691",68.5,17.2991371,"Inr"
"692",69.5,16.7639694,"Inr"
"693",70.5,16.6458168,"Inr"
"694",71.5,17.6396999,"Inr"
"695",72.5,18.2304688,"Inr"
"696",73.5,19.0644989,"Inr"
"697",74.5,19.571867,"Inr"
"698",75.5,19.5788155,"Inr"
"699",76.5,19.2799549,"Inr"
"700",77.5,18.3555737,"Inr"
"701",78.5,17.6744499,"Inr"
"702",79.5,16.8056717,"Inr"
"703",80.5,16.7709198,"Inr"
"704",81.5,17.1670837,"Inr"
"705",82.5,17.8412571,"Inr"
"706",83.5,18.2930222,"Inr"
"707",84.5,18.758688,"Inr"
"708",85.5,18.8073387,"Inr"
"709",86.5,18.2513199,"Inr"
"710",87.5,17.9802608,"Inr"
"711",88.5,17.820406,"Inr"
"712",89.5,17.6327496,"Inr"
"713",90.5,16.9307747,"Inr"
"714",91.5,16.6180153,"Inr"
"715",92.5,16.9307747,"Inr"
"716",93.5,17.6327496,"Inr"
"717",94.5,18.4320278,"Inr"
"718",95.5,18.9532948,"Inr"
"719",96.5,18.8281918,"Inr"
"720",97.5,18.7169857,"Inr"
"721",98.5,18.6335831,"Inr"
"722",99.5,17.6953011,"Inr"
"723",100.5,17.5284958,"Inr"
"724",101.5,17.5632477,"Inr"
"725",102.5,17.4381428,"Inr"
"726",103.5,17.4659424,"Inr"
"727",104.5,18.0775642,"Inr"
"728",105.5,18.0428123,"Inr"
"729",106.5,17.9872112,"Inr"
"730",107.5,17.7717533,"Inr"
"731",108.5,17.9385605,"Inr"
"732",109.5,17.8134556,"Inr"
"733",110.5,18.1192665,"Inr"
"734",111.5,17.7231026,"Inr"
"735",112.5,17.6327496,"Inr"
"736",113.5,18.0706139,"Inr"
"737",114.5,17.9524593,"Inr"
"738",115.5,17.6396999,"Inr"
"739",116.5,16.9307747,"Inr"
"740",117.5,17.5910492,"Inr"
"741",118.5,17.8899078,"Inr"
"742",119.5,18.3555737,"Inr"
"743",120.5,18.2513199,"Inr"
"744",121.5,17.9316101,"Inr"
"745",122.5,18.3277721,"Inr"
"746",123.5,17.9038086,"Inr"
"747",124.5,17.4381428,"Inr"
"748",125.5,17.389492,"Inr"
"749",126.5,17.3686409,"Inr"
"750",127.5,17.3269386,"Inr"
"751",128.5,17.7231026,"Inr"
"752",129.5,17.8134556,"Inr"
"753",130.5,17.7092018,"Inr"
"754",131.5,17.9524593,"Inr"
"755",132.5,17.9802608,"Inr"
"756",133.5,18.4806786,"Inr"
"757",134.5,17.7509041,"Inr"
"758",135.5,18.1401157,"Inr"
"759",136.5,17.5215454,"Inr"
"760",137.5,17.1184311,"Inr"
"761",138.5,17.2921886,"Inr"
"762",139.5,17.3199883,"Inr"
"763",140.5,17.4937439,"Inr"
"764",141.5,17.7300529,"Inr"
"765",142.5,18.091465,"Inr"
"766",143.5,18.2652206,"Inr"
"767",144.5,18.4389763,"Inr"
"768",145.5,18.4806786,"Inr"
"769",146.5,18.7864876,"Inr"
"770",147.5,18.181818,"Inr"
"771",148.5,17.5284958,"Inr"
"772",149.5,17.5354462,"Inr"
"773",150.5,17.5632477,"Inr"
"774",151.5,17.2087841,"Inr"
"775",152.5,17.2087841,"Inr"
"776",153.5,17.8482075,"Inr"
"777",154.5,18.3277721,"Inr"
"778",155.5,18.1331673,"Inr"
"779",156.5,17.966362,"Inr"
"780",157.5,17.6188488,"Inr"
"781",158.5,17.4589939,"Inr"
"782",159.5,17.4867935,"Inr"
"783",160.5,17.7370033,"Inr"
"784",161.5,17.7231026,"Inr"
"785",162.5,17.604948,"Inr"
"786",163.5,17.5284958,"Inr"
"787",164.5,17.8551579,"Inr"
"788",165.5,17.966362,"Inr"
"789",166.5,18.2999706,"Inr"
"790",167.5,18.5501823,"Inr"
"791",168.5,18.5154285,"Inr"
"792",169.5,18.2791214,"Inr"
"793",170.5,18.147068,"Inr"
"794",171.5,17.8899078,"Inr"
"795",172.5,17.2296352,"Inr"
"796",173.5,16.9794273,"Inr"
"797",174.5,17.3964405,"Inr"
"798",175.5,17.910759,"Inr"
"799",176.5,18.1609669,"Inr"
"800",177.5,18.5918827,"Inr"
"801",178.5,18.758688,"Inr"
"802",179.5,18.8559914,"Inr"
"803",180.5,18.091465,"Inr"
"804",181.5,17.6536007,"Inr"
"805",182.5,17.0141792,"Inr"
"806",183.5,16.5207119,"Inr"
"807",184.5,17.2018356,"Inr"
"808",185.5,17.9177094,"Inr"
"809",186.5,18.3208237,"Inr"
"810",187.5,18.758688,"Inr"
"811",188.5,18.7169857,"Inr"
"812",189.5,18.0358639,"Inr"
"813",190.5,17.4728947,"Inr"
"814",191.5,17.0419788,"Inr"
"815",192.5,17.5979996,"Inr"
"816",193.5,17.8412571,"Inr"
"817",194.5,17.8412571,"Inr"
"818",195.5,17.8134556,"Inr"
"819",196.5,17.7370033,"Inr"
"820",197.5,17.966362,"Inr"
"821",198.5,18.2443714,"Inr"
"822",199.5,17.9733105,"Inr"
"823",200.5,18.0845146,"Inr"
"824",201.5,18.3138733,"Inr"
"825",202.5,18.1331673,"Inr"
"826",203.5,18.1262169,"Inr"
"827",204.5,18.0775642,"Inr"
"828",205.5,18.2443714,"Inr"
"829",206.5,18.2026691,"Inr"
"830",207.5,18.3069229,"Inr"
"831",208.5,18.1053658,"Inr"
"832",209.5,18.4459267,"Inr"
"833",210.5,18.3694744,"Inr"
"834",211.5,18.2443714,"Inr"
"835",212.5,18.5015297,"Inr"
"836",213.5,18.0219612,"Inr"
"837",214.5,18.0845146,"Inr"
"838",215.5,18.0775642,"Inr"
"839",216.5,18.2513199,"Inr"
"840",217.5,18.4111767,"Inr"
"841",218.5,18.0358639,"Inr"
"842",219.5,17.7995548,"Inr"
"843",220.5,18.2791214,"Inr"
"844",221.5,18.5988331,"Inr"
"845",222.5,17.9872112,"Inr"
"846",223.5,18.1609669,"Inr"
"847",224.5,17.876009,"Inr"
"848",225.5,17.9524593,"Inr"
"849",226.5,18.056715,"Inr"
"850",227.5,18.1957188,"Inr"
"851",228.5,18.2930222,"Inr"
"852",229.5,18.3903255,"Inr"
"853",230.5,18.147068,"Inr"
"854",231.5,18.57798,"Inr"
"855",232.5,18.2582703,"Inr"
"856",233.5,18.3347244,"Inr"
"857",234.5,17.9316101,"Inr"
"858",235.5,17.5701981,"Inr"
"859",236.5,17.4867935,"Inr"
"860",237.5,17.7926044,"Inr"
"861",238.5,17.7231026,"Inr"
"862",239.5,18.0219612,"Inr"
"863",240.5,18.147068,"Inr"
"864",241.5,18.0497627,"Inr"
"865",242.5,17.820406,"Inr"
"866",243.5,17.6396999,"Inr"
"867",244.5,17.7787056,"Inr"
